학교구분,학교명,본분교,지역,주소,geometry
대학,강릉원주대학교,본교,강원,"강원도 강릉시 죽헌길 7 (지변동, 강릉원주대학교) ",[128.870004836608 37.7656949331429]
대학,강릉원주대학교,제2캠퍼스,강원,"강원도 원주시 흥업면 남원로 150 (흥업리, 강릉원주대학교원주캠퍼스) ",[127.922180834517 37.3051998482115]
대학,강원대학교,본교,강원,"강원도 춘천시 강원대학길 1 (효자동, 강원대학교) ",[127.748387408095 37.8680243076332]
대학,강원대학교,제2캠퍼스,강원,"강원도 삼척시 중앙로 346 (교동, 강원대학교삼척캠퍼스) ",[129.160054612759 37.4508028312358]
대학,경북대학교,본교,대구,"대구광역시 북구 대학로 80 (산격동, 경북대학교) ",[128.614322336303 35.8890974884948]
대학,경상국립대학교,본교,경남,"경상남도 진주시 진주대로 501 (가좌동, 경상대학교) ",[128.098001405271 35.1567141271262]
대학,공주대학교,본교,충남,"충청남도 공주시 공주대학로 56 (신관동, 공주대학교) ",[127.138669492909 36.466848433479]
대학,군산대학교,본교,전북,"전라북도 군산시 대학로 558 (미룡동, 군산대학교) ",[126.680356828107 35.9503457085054]
대학,금오공과대학교,본교,경북,"경상북도 구미시 대학로 61 (양호동, 금오공과대학교) ",[128.388119702872 36.1456601455539]
대학,목포대학교,본교,전남,"전라남도 무안군 청계면 영산로 1666 (도림리, 목포대학교) ",[126.440210194715 34.9103065584639]
대학,목포해양대학교,본교,전남,"전라남도 목포시 해양대학로 91 (죽교동, 목포해양대학교) ",[126.366830400594 34.7917749223182]
대학,부경대학교,본교,부산,"부산광역시 남구 용소로 45 (대연동, 부경대학교대연캠퍼스) ",[129.104865521163 35.1311752099157]
대학,부산대학교,본교,부산,"부산광역시 금정구 부산대학로63번길 2 (장전동, 부산대학교) ",[129.08382445362 35.2322427971605]
대학,서울대학교,본교,서울,"서울특별시 관악구 관악로 1 (신림동, 서울대학교) ",[126.94815644252 37.4662872666604]
대학,순천대학교,본교,전남,"전라남도 순천시 중앙로 255 (석현동, 순천대학교) ",[127.480923056778 34.9667612819538]
대학,안동대학교,본교,경북,"경상북도 안동시 경동로 1375 (송천동, 안동대학교) ",[128.79756403132 36.5414384997503]
대학,전남대학교,본교,광주,"광주광역시 북구 용봉로 45 (용봉동, 전남대학교) ",[126.901101801289 35.1729465031535]
대학,전남대학교,제2캠퍼스,전남,"전라남도 여수시 대학로 50 (둔덕동, 전남대학교여수캠퍼스) ",[127.700518386399 34.7729957206494]
대학,전북대학교,본교,전북,"전라북도 전주시 덕진구 백제대로 567 (금암동, 전북대학교) ",[127.131588969832 35.8411382714422]
대학,제주대학교,본교,제주,"제주특별자치도 제주시 제주대학로 102 (아라일동, 제주대학교) ",[126.56429389472 33.4572369752041]
대학,창원대학교,본교,경남,"경상남도 창원시 의창구 창원대학로 20 (사림동, 창원대학교) ",[128.694816891338 35.2459596336655]
대학,충남대학교,본교,대전,"대전광역시 유성구 대학로 99 (궁동, 충남대학교) ",[127.341662059729 36.3683281154744]
대학,충북대학교,본교,충북,"충청북도 청주시 서원구 충대로 1 (개신동, 충북대학교) ",[127.455076764458 36.6300443933522]
대학,한국교원대학교,본교,충북,"충청북도 청주시 흥덕구 강내면 태성탑연로 250 (다락리, 한국교원대학교) ",[127.357362327758 36.6056617527318]
대학,한국체육대학교,본교,서울,"서울특별시 송파구 양재대로 1239 (방이동, 한국체육대학교) ",[127.132000539547 37.5199046323075]
대학,한국해양대학교,본교,부산,"부산광역시 영도구 태종로 727 (동삼동, 한국해양대학교) ",[129.087131295109 35.0744069144827]
대학,한국교통대학교,본교,충북,"충청북도 충주시 대소원면 대학로 50 (검단리, 한국교통대학교) ",[127.87276944768 36.9688466996986]
대학,경남과학기술대학교,본교,경남,"경상남도 진주시 동진로 33 (칠암동, 경남과학기술대학교) ",[128.092080852163 35.1792658758639]
대학,서울과학기술대학교,본교,서울,"서울특별시 노원구 공릉로 232 (공릉동, 서울과학기술대학교) ",[127.076794742851 37.6330789279387]
대학,한경국립대학교,본교,경기,"경기도 안성시 중앙로 327 (석정동, 한경대학교) ",[127.263767089376 37.010187333414]
대학,한밭대학교,본교,대전,"대전광역시 유성구 동서대로 125 (덕명동, 한밭대학교) ",[127.305261969401 36.3452663484108]
대학,서울시립대학교,본교,서울,"서울특별시 동대문구 서울시립대로 163 (전농동, 서울시립대학교) ",[127.059988126984 37.5825775765293]
대학,가톨릭대학교,본교,경기,"경기도 부천시 원미구 지봉로 43 (역곡동, 가톨릭대학교성심교정) ",[126.798601525148 37.4875313665666]
대학,가톨릭대학교,제2캠퍼스,서울,"서울특별시 서초구 반포대로 222 (반포동, 가톨릭대학교성의교정) ",[127.005860604348 37.5023936158073]
대학,가톨릭대학교,제3캠퍼스,서울,"서울특별시 종로구 창경궁로 296-12 (혜화동, 가톨릭대학교성신교정) ",[127.004770664086 37.5849009775207]
대학,감리교신학대학교,본교,서울,"서울특별시 서대문구 독립문로 56 (냉천동, 감리교신학대학) ",[126.961892367623 37.5679167646618]
대학,강남대학교,본교,경기,"경기도 용인시 기흥구 강남로 40 (구갈동, 강남대학교) ",[127.132099903261 37.2741253924992]
대학,건국대학교,본교,서울,"서울특별시 광진구 능동로 120 (화양동, 건국대학교) ",[127.074711902268 37.539182674872]
대학,건국대학교(글로컬),분교,충북,"충청북도 충주시 충원대로 268 (단월동, 건국대학교 글로컬캠퍼스) ",[127.912430162981 36.9487808728909]
대학,건양대학교,본교,충남,"충청남도 논산시 대학로 121 (내동, 건양대학교) ",[127.109687408926 36.1821519220811]
대학,건양대학교,제2캠퍼스,대전,"대전광역시 서구 관저동로 158 (관저동, 건양대학교병원) ",[127.342646778061 36.3077818180786]
대학,경기대학교,본교,경기,"경기도 수원시 영통구 광교산로 154-42 (이의동, 경기대학교) ",[127.033116715137 37.2980136931725]
대학,경기대학교,제2캠퍼스,서울,"서울특별시 서대문구 경기대로9길 24 (충정로2가, 경기대학교) ",[126.962224150341 37.5651946923921]
대학,경남대학교,본교,경남,"경상남도 창원시 마산합포구 경남대학로 7 (월영동, 경남대학교) ",[128.555096373971 35.184320928305]
대학,경동대학교,본교,강원,"강원도 고성군 토성면 봉포4길 46 (봉포리, 경동대학교) ",[128.556542452695 38.251533909007]
대학,대구한의대학교,본교,경북,경상북도 경산시 한의대로 1(유곡동) ,[128.777349373373 35.7940191335145]
대학,경성대학교,본교,부산,"부산광역시 남구 수영로 309 (대연동, 경성대학교) ",[129.10010311307 35.1384873078988]
대학,가천대학교,본교,경기,"경기도 성남시 수정구 성남대로 1342 (복정동, 가천대학교) ",[127.12939432624 37.4512348695085]
대학,경일대학교,본교,경북,"경상북도 경산시 하양읍 가마실길 50 (부호리, 경일대학교) ",[128.802045214398 35.9110687720431]
대학,경주대학교,본교,경북,"경상북도 경주시 태종로 188 (효현동, 경주대학교) ",[129.163239444101 35.8292658457446]
대학,경희대학교,본교,서울,"서울특별시 동대문구 경희대로 26 (회기동, 경희대학교) ",[127.054890960564 37.5939491407769]
대학,계명대학교,본교,대구,"대구광역시 달서구 달구벌대로 1095 (신당동, 계명대학교성서캠퍼스) ",[128.484579003028 35.8559055953885]
대학,고려대학교,본교,서울,"서울특별시 성북구 안암로 145 (안암동5가, 고려대학교안암캠퍼스(인문사회계)) ",[127.031698331241 37.5887034223667]
대학,고려대학교(세종),분교,세종,"세종특별자치시 조치원읍 세종로 2511 (서창리, 고려대학교세종캠퍼스) ",[127.291002698042 36.6116946201537]
대학,고신대학교,본교,부산,"부산광역시 영도구 와치로 194 (동삼동, 고신대학교) ",[129.062181859243 35.0794694244323]
대학,가톨릭관동대학교,본교,강원,"강원도 강릉시 범일로579번길 24 (내곡동, 가톨릭관동대학교) ",[128.873704579557 37.7373287772102]
대학,광신대학교,본교,광주,"광주광역시 북구 양산택지소로 36 (본촌동, 광신대학교) ",[126.884836430774 35.2160186500036]
대학,광운대학교,본교,서울,"서울특별시 노원구 광운로 20 (월계동, 광운대학교) ",[127.058338066917 37.6193203481648]
대학,광주가톨릭대학교,본교,전남,"전라남도 나주시 남평읍 중남길 12-25 (남석리, 광주가톨릭대학교) ",[126.863886747018 35.0154351829836]
대학,광주여자대학교,본교,광주,광주광역시 광산구 광주여대길 40 (산정동) ,[126.796464879132 35.1631363940803]
대학,국민대학교,본교,서울,"서울특별시 성북구 정릉로 77 (정릉동, 국민대학교) ",[126.998520644814 37.6102878430906]
대학,강서대학교,본교,서울,"서울특별시 강서구 까치산로24길 47 (화곡동, 케이씨대학교) ",[126.854156524867 37.5486853052598]
대학,극동대학교,본교,충북,"충청북도 음성군 감곡면 대학길 76-32 (왕장리, 극동대학교) ",[127.641870971257 37.1282549251378]
대학,나사렛대학교,본교,충남,"충청남도 천안시 서북구 월봉로 48 (쌍용동, 나사렛대학교) ",[127.119477919956 36.7983475274385]
대학,단국대학교,본교,경기,"경기도 용인시 수지구 죽전로 152 (죽전동, 단국대학교) ",[127.132535935195 37.3211938747541]
대학,대구대학교,본교,경북,"경상북도 경산시 진량읍 대구대로 201 (내리리, 대구대학교경산캠퍼스) ",[128.842813264293 35.904538973767]
대학,대구예술대학교,본교,경북,"경상북도 칠곡군 가산면 다부거문1길 202 (다부리, 대구예술대학교) ",[128.508091368043 36.0314193188668]
대학,대구가톨릭대학교,본교,경북,"경상북도 경산시 하양읍 하양로 13-13 (금락리, 대구가톨릭대학교) ",[128.807584697953 35.9091304681441]
대학,세한대학교,본교,전남,"전라남도 영암군 삼호읍 녹색로 1113 (산호리, 세한대학교) ",[126.483263979897 34.7453774187142]
대학,대신대학교,본교,경북,"경상북도 경산시 경청로222길 33 (백천동, 대신대학교) ",[128.745137321159 35.8039447889529]
대학,대전가톨릭대학교,본교,세종,"세종특별자치시 전의면 가톨릭대학로 30 (신방리, 대전가톨릭대학교) ",[127.197010251582 36.6545676995903]
대학,대전대학교,본교,대전,"대전광역시 동구 대학로 62 (용운동, 대전대학교) ",[127.459001869396 36.336696167799]
대학,대진대학교,본교,경기,"경기도 포천시 호국로 1007 (선단동, 대진대학교) ",[127.157554125254 37.8738102149097]
대학,서울기독대학교,본교,서울,"서울특별시 은평구 갈현로4길 26-2 (신사동, 서울기독대학교) ",[126.91219242164 37.6007568622066]
대학,덕성여자대학교,본교,서울,"서울특별시 도봉구 삼양로144길 33 (쌍문동, 덕성여자대학교) ",[127.015834944956 37.6524704146763]
대학,동국대학교,본교,서울,"서울특별시 중구 필동로1길 30 (장충동2가, 동국대학교) ",[126.998737605491 37.5589366401553]
대학,동국대학교(WISE),분교,경북,경상북도 경주시 동대로 123(석장동) ,[129.191030890607 35.8647938473327]
대학,동덕여자대학교,본교,서울,"서울특별시 성북구 화랑로13길 60 (하월곡동, 동덕여자대학교) ",[127.041176301847 37.6068148327539]
대학,동서대학교,본교,부산,"부산광역시 사상구 주례로 47 (주례동, 동서대학교) ",[129.007038894696 35.1460786494674]
대학,동신대학교,본교,전남,전라남도 나주시 동신대길 67 (대호동) ,[126.7179925226 35.0496248791451]
대학,동아대학교,본교,부산,"부산광역시 사하구 낙동대로550번길 37 (하단동, 동아대학교) ",[128.96808496718 35.1188093910081]
대학,동양대학교,본교,경북,"경상북도 영주시 풍기읍 동양대로 145 (산법리, 동양대학교) ",[128.529936995112 36.8858482031431]
대학,동의대학교,본교,부산,"부산광역시 부산진구 엄광로 176 (가야동, 동의대학교) ",[129.036309884005 35.1443184545334]
대학,루터대학교,본교,경기,"경기도 용인시 기흥구 금화로82번길 20 (상갈동, 루터대학교) ",[127.113373362229 37.2644343800955]
대학,명지대학교,본교,경기,"경기도 용인시 처인구 명지로 116 (남동, 명지대학교용인캠퍼스) ",[127.190183727516 37.2218072639192]
대학,명지대학교,제2캠퍼스,서울,"서울특별시 서대문구 거북골로 34 (남가좌동, 명지대학교) ",[126.921348530876 37.5803770223812]
대학,목원대학교,본교,대전,"대전광역시 서구 도안북로 88 (도안동, 목원대학교) ",[127.337446736796 36.328866131856]
대학,배재대학교,본교,대전,"대전광역시 서구 배재로 155-40 (도마동, 배재대학교) ",[127.366074460163 36.3232382774419]
대학,부산가톨릭대학교,본교,부산,"부산광역시 금정구 오륜대로 57 (부곡동, 부산가톨릭대학교) ",[129.096871971614 35.2446753071785]
대학,부산외국어대학교,본교,부산,"부산광역시 금정구 금샘로485번길 65 (남산동, 부산외국어대학교) ",[129.08055329643 35.2661894921034]
대학,삼육대학교,본교,서울,"서울특별시 노원구 화랑로 815 (공릉동, 삼육대학교) ",[127.108850343184 37.643357369067]
대학,상명대학교,본교,서울,"서울특별시 종로구 홍지문2길 20 (홍지동, 상명대학교) ",[126.955159496571 37.604108905882]
대학,상지대학교,본교,강원,"강원도 원주시 상지대길 83 (우산동, 상지대학교) ",[127.929915065919 37.3691192870384]
대학,서강대학교,본교,서울,"서울특별시 마포구 백범로 35 (신수동, 서강대학교) ",[126.943024997981 37.5514693075541]
대학,서경대학교,본교,서울,"서울특별시 성북구 서경로 124 (정릉동, 서경대학교) ",[127.013565764354 37.6154147804327]
대학,서울신학대학교,본교,경기,"경기도 부천시 소사구 호현로489번길 52 (소사본동, 서울신학대학교) ",[126.790003509195 37.4783249527733]
대학,서울여자대학교,본교,서울,"서울특별시 노원구 화랑로 621 (공릉동, 서울여자대학교) ",[127.091621159803 37.6273815936787]
대학,서울장신대학교,본교,경기,"경기도 광주시 경안로 145 (경안동, 서울장신대학교) ",[127.245540620832 37.4091640890664]
대학,서원대학교,본교,충북,"충청북도 청주시 서원구 무심서로 377-3 (모충동, 서원대학교) ",[127.482117612634 36.6259797378128]
대학,선문대학교,본교,충남,"충청남도 아산시 탕정면 선문로221번길 70 (갈산리, 선문대학교) ",[127.075732161892 36.8010404471004]
대학,성결대학교,본교,경기,"경기도 안양시 만안구 성결대학로 53 (안양동, 성결대학교) ",[126.928810441112 37.379865723701]
대학,성공회대학교,본교,서울,"서울특별시 구로구 연동로 320 (항동, 성공회대학교) ",[126.826163535057 37.4875235978289]
대학,성균관대학교,본교,서울,"서울특별시 종로구 성균관로 25-2 (명륜3가, 성균관대학교) ",[126.993115116294 37.5872284082508]
대학,성신여자대학교,본교,서울,"서울특별시 성북구 보문로34다길 2 (돈암동, 성신여자대학교) ",[127.02214561649 37.5916524767249]
대학,세명대학교,본교,충북,"충청북도 제천시 세명로 65 (신월동, 세명대학교) ",[128.19615854481 37.173842353131]
대학,세종대학교,본교,서울,"서울특별시 광진구 능동로 209 (군자동, 세종대학교) ",[127.07318364213 37.5516093089619]
대학,수원가톨릭대학교,본교,경기,"경기도 화성시 봉담읍 왕림1길 67 (왕림리, 수원가톨릭대학교) ",[126.933337951201 37.1958155074953]
대학,수원대학교,본교,경기,"경기도 화성시 봉담읍 와우안길 17 (와우리, 수원대학교) ",[126.979480352479 37.2101174847642]
대학,숙명여자대학교,본교,서울,"서울특별시 용산구 청파로47길 90 (청파동2가, 숙명여자대학교) ",[126.965412466897 37.5452862346703]
대학,순천향대학교,본교,충남,"충청남도 아산시 신창면 순천향로 22 (읍내리, 순천향대학교) ",[126.928936482966 36.7683515094009]
대학,숭실대학교,본교,서울,"서울특별시 동작구 상도로 369 (상도동, 숭실대학교) ",[126.955157917408 37.4964289688636]
대학,신라대학교,본교,부산,"부산광역시 사상구 백양대로700번길 140 (괘법동, 신라대학교) ",[128.99779692981 35.1720524953802]
대학,아신대학교,본교,경기,경기도 양평군 옥천면 경강로 1276 아신대학교,[127.428928259716 37.5112170735026]
대학,아주대학교,본교,경기,"경기도 수원시 영통구 월드컵로 206 (원천동, 아주대학교) ",[127.043660039022 37.2830563756566]
대학,안양대학교,본교,경기,"경기도 안양시 만안구 삼덕로37번길 22 (안양동, 안양대학교) ",[126.92052628235 37.3917681912577]
대학,안양대학교,제2캠퍼스,인천,"인천광역시 강화군 불은면 중앙로 602-14 (삼성리, 안양대학교강화캠퍼스) ",[126.444711004732 37.7110033177909]
대학,연세대학교,본교,서울,"서울특별시 서대문구 연세로 50 (신촌동, 연세대학교) ",[126.943916239886 37.5660508394158]
대학,연세대학교(미래),분교,강원,강원도 원주시 흥업면 연세대길 1 연세대학교 미래캠퍼스,[127.904328263667 37.2748178663996]
대학,영남대학교,본교,경북,"경상북도 경산시 대학로 280 (대동, 영남대학교) ",[128.75218013148 35.8304916312343]
대학,영남신학대학교,본교,경북,"경상북도 경산시 진량읍 봉회1길 26 (봉회리, 영남신학대학교) ",[128.818066570159 35.8803963728555]
대학,유원대학교,본교,충북,충청북도 영동군 영동읍 대학로 310 ,[127.799085400924 36.1958945383408]
대학,영산선학대학교,본교,전남,전라남도 영광군 백수읍 성지로 1357 (길용리) ,[126.441339990491 35.3273523314123]
대학,용인대학교,본교,경기,"경기도 용인시 처인구 용인대학로 134 (삼가동, 용인대학교) ",[127.170724286597 37.2278788825761]
대학,우석대학교,본교,전북,"전라북도 완주군 삼례읍 삼례로 443 (후정리, 우석대학교) ",[127.067811682884 35.9115764544703]
대학,울산대학교,본교,울산,"울산광역시 남구 대학로 93 (무거동, 울산대학교) ",[129.257425346502 35.54183711963]
대학,원광대학교,본교,전북,"전라북도 익산시 익산대로 460 (신동, 원광대학교) ",[126.960223680824 35.9717139651945]
대학,위덕대학교,본교,경북,"경상북도 경주시 강동면 동해대로 261 (유금리, 위덕대학교) ",[129.28259064119 36.016111123839]
대학,을지대학교,본교,대전,"대전광역시 중구 계룡로771번길 77 (목동, 을지대학교대전캠퍼스) ",[127.405571713904 36.3330222089918]
대학,을지대학교,제2캠퍼스,경기,"경기도 성남시 수정구 산성대로 553 (양지동, 을지대학교) ",[127.165146797398 37.4609789114509]
대학,이화여자대학교,본교,서울,"서울특별시 서대문구 이화여대길 52 (대현동, 이화여자대학교) ",[126.950288837762 37.5644645178259]
대학,인제대학교,본교,경남,"경상남도 김해시 인제로 197 (어방동, 인제대학교) ",[128.900515324646 35.2528100895983]
대학,인제대학교,제2캠퍼스,부산,"부산광역시 부산진구 복지로 75 (개금동, 백병원) ",[129.020571153957 35.1464534842515]
대학,인천가톨릭대학교,제2캠퍼스,인천,인천광역시 연수구 송도문화로120번길 20 (송도동) 인천가톨릭대학교,[126.663507651408 37.3726238502475]
대학,인천가톨릭대학교,본교,인천,"인천광역시 강화군 양도면 고려왕릉로 53-1 (도장리, 인천가톨릭대학교) ",[126.450008257437 37.6566734151903]
대학,인하대학교,본교,인천,인천광역시 미추홀구 인하로 100(용현동) 인하대학교,[126.651542258118 37.4514480321002]
대학,장로회신학대학교,본교,서울,"서울특별시 광진구 광장로5길 25-1 (광장동, 장로회신학대학교) ",[127.103315027061 37.5498636303997]
대학,전주대학교,본교,전북,"전라북도 전주시 완산구 천잠로 303 (효자동2가, 전주대학교) ",[127.088884123482 35.8161641666537]
대학,조선대학교,본교,광주,광주광역시 동구 조선대길 146(서석동) ,[126.93472378449 35.1427410156916]
대학,중부대학교,본교,충남,"충청남도 금산군 추부면 대학로 201 (마전리, 중부대학교) ",[127.448703841954 36.1919714420686]
대학,중앙대학교,제2캠퍼스,경기,"경기도 안성시 대덕면 서동대로 4726 (내리, 중앙대학교) ",[127.228708651132 37.0004292004148]
대학,중앙대학교,본교,서울,"서울특별시 동작구 흑석로 84 (흑석동, 중앙대학교) ",[126.953833907628 37.5047267237807]
대학,중앙승가대학교,본교,경기,"경기도 김포시 승가로 147 (풍무동, 중앙승가대학) ",[126.706375309859 37.6091860168389]
대학,백석대학교,본교,충남,충청남도 천안시 동남구 백석대학로 1 (안서동) ,[127.182520646399 36.8388372068096]
대학,청주대학교,본교,충북,"충청북도 청주시 청원구 대성로 298 (내덕동, 청주대학교) ",[127.495199134623 36.6508565012441]
대학,총신대학교,본교,서울,"서울특별시 동작구 사당로 143 (사당동, 총신대학교) ",[126.966763108256 37.4879290070931]
대학,추계예술대학교,본교,서울,"서울특별시 서대문구 북아현로11가길 7 (북아현동, 추계예술대학교) ",[126.954059321222 37.5631767195176]
대학,한국침례신학대학교,본교,대전,"대전광역시 유성구 북유성대로 190 (하기동, 침례신학대학) ",[127.323044548494 36.3847093350448]
대학,칼빈대학교,본교,경기,"경기도 용인시 기흥구 마북로 184 (마북동, 칼빈대학교) ",[127.128686425614 37.3051459316977]
대학,평택대학교,본교,경기,"경기도 평택시 서동대로 3825 (용이동, 평택대학교) ",[127.133968496931 36.9946392307399]
대학,차의과학대학교,본교,경기,"경기도 포천시 해룡로 120 (동교동, 포천중문의과대학) 차의과학대학교",[127.137549418787 37.8560144127676]
대학,포항공과대학교,본교,경북,"경상북도 포항시 남구 청암로 77 (지곡동, 포항공과대학교) ",[129.321301170832 36.0105883055805]
대학,한국기술교육대학교,본교,충남,"충청남도 천안시 동남구 병천면 충절로 1600 (가전리, 한국기술교육대학교) ",[127.281200389603 36.765104950533]
대학,한국성서대학교,본교,서울,"서울특별시 노원구 동일로214길 32 (상계동, 한국성서대학교) ",[127.063750963519 37.6489617715837]
대학,한국외국어대학교,본교,서울,"서울특별시 동대문구 이문로 107 (이문동, 한국외국어대학교) ",[127.057942413722 37.5982966771548]
대학,한국항공대학교,본교,경기,"경기도 고양시 덕양구 항공대학로 76 (화전동, 한국항공대학교) ",[126.864172526764 37.5990163344733]
대학,한남대학교,본교,대전,"대전광역시 대덕구 한남로 70 (오정동, 한남대학교) ",[127.419951766947 36.3555640023271]
대학,한동대학교,본교,경북,"경상북도 포항시 북구 흥해읍 한동로 558 (남송리, 한동대학교) ",[129.389266058166 36.1023014256562]
대학,한라대학교,본교,강원,"강원도 원주시 흥업면 한라대길 28 (흥업리, 한라대학교) ",[127.906918959953 37.303976829171]
대학,한림대학교,본교,강원,"강원도 춘천시 한림대학길 1 (옥천동, 한림대학교) ",[127.734962063258 37.8854275477545]
대학,한서대학교,본교,충남,"충청남도 서산시 해미면 한서1로 46 (대곡리, 한서대학교) ",[126.586964768503 36.6907152767617]
대학,한성대학교,본교,서울,"서울특별시 성북구 삼선교로16길 116 (삼선동2가, 한성대학교) ",[127.010390004805 37.5832358514072]
대학,한세대학교,본교,경기,경기도 군포시 한세로 30 (당정동) ,[126.953885673336 37.3441460362666]
대학,한신대학교,본교,경기,"경기도 오산시 한신대길 137 (양산동, 한신대학교) ",[127.027451982136 37.1925943198315]
대학,한양대학교,본교,서울,"서울특별시 성동구 왕십리로 222 (사근동, 한양대학교) ",[127.046611216789 37.5545035492027]
대학,한양대학교(ERICA),분교,경기,"경기도 안산시 상록구 한양대학로 55 (사동, 한양대학교) ",[126.834393833262 37.2980047345996]
대학,서울한영대학교,본교,서울,서울특별시 구로구 경인로 290-42 (개봉동) ,[126.8512499816 37.4965810660171]
대학,한일장신대학교,본교,전북,"전라북도 완주군 상관면 왜목로 726-15 (신리, 한일장신대학교) ",[127.205860465992 35.7642830072176]
대학,협성대학교,본교,경기,"경기도 화성시 봉담읍 최루백로 72 (상리, 협성대학교) ",[126.953622970263 37.2132508835744]
대학,호남대학교,본교,광주,"광주광역시 광산구 호남대길 120 (서봉동, 호남대학본부) ",[126.765040345608 35.1499676556862]
대학,호남신학대학교,본교,광주,"광주광역시 남구 제중로 77 (양림동, 호남신학대학교) ",[126.910568702512 35.1401102946897]
대학,호서대학교,본교,충남,"충청남도 아산시 배방읍 호서로79번길 20 (세출리, 호서대학교) ",[127.077106928498 36.7344630229927]
대학,홍익대학교,본교,서울,"서울특별시 마포구 와우산로 94 (상수동, 홍익대학교) ",[126.924990619497 37.5525192523979]
대학,가톨릭꽃동네대학교,본교,충북,"충청북도 청주시 서원구 현도면 상삼길 133 (상삼리, 꽃동네대학교) ",[127.402976065397 36.5219802800517]
대학,남부대학교,본교,광주,광주광역시 광산구 남부대길 1 (월계동) ,[126.842258172223 35.2070608996015]
대학,예원예술대학교,본교,전북,"전라북도 임실군 신평면 창인로 117 (창인리, 예원예술학교) ",[127.271466710832 35.6477649162508]
대학,예원예술대학교,제2캠퍼스,경기,경기도 양주시 은현면 예원대학로 56 ,[127.037081511912 37.8466722472472]
대학,목포가톨릭대학교,본교,전남,"전라남도 목포시 영산로 697 (석현동, 목포가톨릭대학교) ",[126.4198974075 34.8272766768797]
대학,부산장신대학교,본교,경남,경상남도 김해시 김해대로 1894-68 (구산동) ,[128.861718196765 35.256310877582]
대학,금강대학교,본교,충남,"충청남도 논산시 상월면 상월로 522 (대명리, 금강대학교) ",[127.189714025042 36.3068265947992]
대학,예수대학교,본교,전북,"전라북도 전주시 완산구 서원로 383 (중화산동1가, 예수대학교) ",[127.134788546126 35.8160936109445]
대학,한국국제대학교,본교,경남,"경상남도 진주시 문산읍 동부로 965 (상문리, 한국국제대학교) ",[128.19993693696 35.1758150452813]
대학,광주대학교,본교,광주,"광주광역시 남구 효덕로 277 (진월동, 광주대학교) ",[126.89616993457 35.1059036523963]
대학,화성의과학대학교,본교,경기,경기도 화성시 남양읍 남양중앙로 400-5 ,[126.83953419795 37.2027515359928]
대학,동명대학교,본교,부산,"부산광역시 남구 신선로 428 (용당동, 동명대학교) ",[129.101380307339 35.1246904251562]
대학,영산대학교,본교,경남,경상남도 양산시 주남로 288 (주남동) 영산대학교 양산캠퍼스,[129.144634800956 35.4283933160763]
대학,영산대학교,제2캠퍼스,부산,부산광역시 해운대구 반송순환로 142 (반송동) 영산대학교 해운대캠퍼스,[129.159064651628 35.2241543257141]
대학,대전신학대학교,본교,대전,"대전광역시 대덕구 한남로 41 (오정동, 대전신학대학교) ",[127.424015937587 36.3495481063766]
대학,중원대학교,본교,충북,"충청북도 괴산군 괴산읍 문무로 85 (동부리, 중원대학교) ",[127.798493849973 36.8191551494983]
대학,우송대학교,본교,대전,"대전광역시 동구 동대전로 171 (자양동, 우송정보대학) ",[127.44573302632 36.335693548807]
대학,김천대학교,본교,경북,"경상북도 김천시 대학로 214 (삼락동, 김천대학교) ",[128.081714980163 36.1399448069941]
대학,송원대학교,본교,광주,"광주광역시 남구 송암로 73 (송하동, 송원대학) ",[126.873266442573 35.1081845052901]
대학,경운대학교,본교,경북,"경상북도 구미시 산동면 강동로 730 (인덕리, 경운대학교) ",[128.468071167161 36.1716993571929]
대학,남서울대학교,본교,충남,"충청남도 천안시 서북구 성환읍 대학로 91 (매주리, 남서울대학교) ",[127.143619452225 36.9109137342107]
대학,초당대학교,본교,전남,"전라남도 무안군 무안읍 무안로 380 (성남리, 초당대학교) ",[126.470266451147 34.980047336493]
대학,한국공학대학교,본교,경기,"경기도 시흥시 산기대학로 237 (정왕동, 한국산업기술대학교) ",[126.733539352474 37.339732743931]
대학,제주국제대학교,본교,제주,제주특별자치도 제주시 516로 2870 (영평동) ,[126.569831091366 33.4427732522923]
대학,창신대학교,본교,경남,"경상남도 창원시 마산회원구 팔용로 262 (합성동, 창신대학) ",[128.599596124773 35.2446928950772]
대학,울산과학기술원,본교,울산,"울산광역시 울주군 언양읍 유니스트길 50 (반연리, 울산과학기술원) ",[129.187618949573 35.5773071411833]
대학,공주교육대학교,본교,충남,"충청남도 공주시 웅진로 27 (봉황동, 공주교육대학교) ",[127.119655178765 36.4452038483364]
대학,광주교육대학교,본교,광주,"광주광역시 북구 필문대로 55 (풍향동, 광주교육대학교) ",[126.925730100694 35.1647069458086]
대학,대구교육대학교,본교,대구,"대구광역시 남구 중앙대로 219 (대명동, 대구교육대학교) ",[128.587739242975 35.8514315842476]
대학,부산교육대학교,본교,부산,"부산광역시 연제구 교대로 24 (거제동, 부산교육대학교) 교무처",[129.077082516289 35.195693209948]
대학,서울교육대학교,본교,서울,"서울특별시 서초구 서초중앙로 96 (서초동, 서울교육대학교) ",[127.015424537648 37.4907404857731]
대학,경인교육대학교,본교,인천,"인천광역시 계양구 계산로 62 (계산동, 경인교육대학교) ",[126.718842140379 37.5367048882494]
대학,경인교육대학교,제2캠퍼스,경기,"경기도 안양시 만안구 삼막로 155 (석수동, 경인교육대학교) ",[126.917068252393 37.4356067014873]
대학,전주교육대학교,본교,전북,"전라북도 전주시 완산구 서학로 50 (동서학동, 전주교육대학교) ",[127.153803947535 35.8091640624342]
대학,진주교육대학교,본교,경남,"경상남도 진주시 진양호로369번길 3 (신안동, 진주교육대학교) ",[128.06793000041 35.1858108225369]
대학,청주교육대학교,본교,충북,"충청북도 청주시 서원구 청남로 2065 (수곡동, 청주교육대학교) ",[127.484009466388 36.6154291995103]
대학,춘천교육대학교,본교,강원,"강원도 춘천시 공지로 126 (석사동, 춘천교육대학교) ",[127.748604908591 37.8594173195795]
대학,한밭대학교(산업대),본교,대전,"대전광역시 유성구 동서대로 125 (덕명동, 한밭대학교) ",[127.305261969401 36.3452663484108]
대학,한경대학교(산업대),본교,경기,"경기도 안성시 중앙로 327 (석정동, 한경대학교) ",[127.263767089376 37.010187333414]
대학,진주산업대학교(산업대),본교,경남,"경상남도 진주시 동진로 33 (칠암동, 경남과학기술대학교) ",[128.092080852163 35.1792658758639]
대학,한국산업기술대학교(산업대),본교,경기,"경기도 시흥시 산기대학로 237 (정왕동, 한국산업기술대학교) ",[126.733539352474 37.339732743931]
대학,한국방송통신대학교,본교,서울,"서울특별시 종로구 대학로 86 (동숭동, 한국방송통신대학교) ",[127.003290880975 37.5791954862382]
대학,남서울대학교(산업대),본교,충남,"충청남도 천안시 서북구 성환읍 대학로 91 (매주리, 남서울대학교) ",[127.143619452225 36.9109137342107]
대학,우송대학교(산업대),본교,대전,"대전광역시 동구 동대전로 171 (자양동, 우송정보대학) ",[127.44573302632 36.335693548807]
대학,호원대학교,본교,전북,"전라북도 군산시 임피면 호원대3길 64 (월하리, 호원대학교) ",[126.863787678587 35.9679261845471]
대학,초당대학교(산업대),본교,전남,"전라남도 무안군 무안읍 무안로 380 (성남리, 초당대학교) ",[126.470266451147 34.980047336493]
대학,청운대학교,본교,충남,"충청남도 홍성군 홍성읍 대학길 25 (남장리, 청운대학교) ",[126.664273052049 36.582338563114]
대학,경운대학교(산업대),본교,경북,"경상북도 구미시 산동면 강동로 730 (인덕리, 경운대학교) ",[128.468071167161 36.1716993571929]
대학,정석대학,본교,서울,서울특별시 강서구 오정로 576 (공항동) ,[126.813884120882 37.5462081658044]
대학,순복음총회신학교,본교,충북,충청북도 제천시 덕산면 도전로 320 (도전리) ,[128.167851885448 36.9042423883697]
대학,경희사이버대학교,본교,서울,"서울특별시 동대문구 경희대로 26 (회기동, 경희사이버대학교) ",[127.054890960564 37.5939491407769]
대학,국제사이버대학교,본교,경기,경기도 수원시 팔달구 경수대로 490 (인계동) ,[127.028223233526 37.2695937545519]
대학,대구사이버대학교,본교,경북,"경상북도 경산시 진량읍 대구대로 201 (내리리, 대구대학교경산캠퍼스) ",[128.842813264293 35.904538973767]
대학,부산디지털대학교,본교,부산,"부산광역시 사상구 주례로 57 (주례동, 부산디지털대학교) ",[129.009614631444 35.146361806536]
대학,서울디지털대학교,본교,서울,"서울특별시 강서구 공항대로 424 (화곡동, 서울디지털대학교) ",[126.854020068213 37.5550004979763]
대학,서울사이버대학교,본교,서울,"서울특별시 강북구 솔매로49길 60 (미아동, 서울사이버대학교) ",[127.027123065417 37.629843917766]
대학,세종사이버대학교,본교,서울,"서울특별시 광진구 군자로 121 (군자동, 세종사이버대학) ",[127.072886829447 37.5537274682721]
대학,한국열린사이버대학교,본교,서울,"서울특별시 중랑구 망우로 353, C동 9층(상봉프레미어스엠코) ",[127.091624142481 37.5983328190955]
대학,원광디지털대학교,본교,전북,"전라북도 익산시 익산대로 460 (신동, 원광디지털대학교) ",[126.960223680824 35.9717139651945]
대학,고려사이버대학교,본교,서울,"서울특별시 종로구 북촌로 106 (계동, 고려사이버대학교) ",[126.987063025616 37.5869442675617]
대학,숭실사이버대학교,본교,서울,"서울특별시 종로구 삼일대로30길 23 (익선동, BIZWELL종로오피스텔) ",[126.988775780571 37.574475499893]
대학,디지털서울문화예술대학교,본교,서울,"서울특별시 서대문구 통일로37길 60 (홍제동, 디지털서울문화예술대학교) ",[126.943879163212 37.5854437357557]
대학,한양사이버대학교,본교,서울,"서울특별시 성동구 왕십리로 220 (행당동, 한양사이버대학교) ",[127.047518974715 37.5571863579301]
대학,사이버한국외국어대학교,본교,서울,"서울특별시 동대문구 이문로 107 (이문동, 한국외국어대학교) ",[127.057942413722 37.5982966771548]
대학,화신사이버대학교,본교,부산,"부산광역시 연제구 고분로191번길 1 (연산동, 화신사이버대학교) ",[129.103257582645 35.1857461829433]
대학,글로벌사이버대학교,본교,충남,"충청남도 천안시 동남구 목천읍 교천지산길 284-88 (지산리, 글로벌사이버대학교) ",[127.199410531798 36.7938874628534]
대학,건양사이버대학교,본교,대전,"대전광역시 서구 관저동로 158 (관저동, 건양대학교병원) 건양사이버대학교",[127.342646778061 36.3077818180786]
대학,한국과학기술원,본교,대전,"대전광역시 유성구 대학로 291 (구성동, 한국과학기술원) ",[127.356981924269 36.3682827819718]
대학,광주과학기술원,본교,광주,"광주광역시 북구 첨단과기로 123 (오룡동, 광주과학기술원) ",[126.842947893389 35.2268791477147]
대학,대구경북과학기술원,본교,대구,대구광역시 달성군 현풍면 테크노중앙대로 333 (상리) ,[128.455010688046 35.7056377572321]
대학,한국예술종합학교,본교,서울,"서울특별시 성북구 화랑로32길 146-37 (석관동, 한국종합예술학교) ",[127.053940846723 37.6063581128476]
전문대학,경남도립거창대학,본교,경남,"경상남도 거창군 거창읍 거창대학로 72 (대평리, 경남도립거창대학) ",[127.912418659356 35.6732025593042]
전문대학,경남도립남해대학,본교,경남,"경상남도 남해군 남해읍 화전로78번길 30 (남변리, 경남도립남해대학) ",[127.898470090907 34.8369960246813]
전문대학,경북도립대학교,본교,경북,"경상북도 예천군 예천읍 도립대학길 114 (청복리, 경북도립대학교) ",[128.454637822423 36.6437290113003]
전문대학,충북도립대학교,본교,충북,충청북도 옥천군 옥천읍 대학길 15 (문정리) ,[127.572138644831 36.299999182399]
전문대학,가톨릭상지대학교,본교,경북,"경상북도 안동시 상지길 45 (율세동, 가톨릭상지대학교) ",[128.737109793573 36.5694170968626]
전문대학,거제대학교,본교,경남,"경상남도 거제시 마전1길 91 (장승포동, 거제대학) ",[128.725387887091 34.8500206411124]
전문대학,호산대학교,본교,경북,"경상북도 경산시 하양읍 대경로105길 19 (부호리, 호산대학교) ",[128.798795128372 35.9019863205208]
전문대학,경민대학교,본교,경기,"경기도 의정부시 서부로 545 (가능동, 경민대학) ",[127.025131506194 37.746124313263]
전문대학,영남외국어대학,본교,경북,"경상북도 경산시 남천면 남천로 780-9 (협석리, 영남외국어대학) ",[128.732872947672 35.7851049019368]
전문대학,경인여자대학교,본교,인천,"인천광역시 계양구 계양산로 63 (계산동, 경인여자대학) ",[126.723505869181 37.5484350761487]
전문대학,계명문화대학교,본교,대구,"대구광역시 달서구 달서대로 675 (신당동, 계명문화대학교) ",[128.486341828526 35.8594620298616]
전문대학,계원예술대학교,본교,경기,"경기도 의왕시 계원대학로 66 (내손동, 계원예술대학교) ",[126.981821523784 37.3794706508554]
전문대학,광양보건대학교,본교,전남,"전라남도 광양시 광양읍 대학로 85 (덕례리, 광양보건대학) ",[127.568813385545 34.9532412900026]
전문대학,광주보건대학교,본교,광주,"광주광역시 광산구 북문대로419번길 73 (신창동, 광주보건대학) ",[126.846188623007 35.1916954595143]
전문대학,구미대학교,본교,경북,"경상북도 구미시 야은로 37 (부곡동, 구미대학교) ",[128.289088279966 36.1521662282152]
전문대학,군장대학교,본교,전북,"전라북도 군산시 성산면 군장대길 13 (도암리, 군장대학) ",[126.784980294553 36.0019765486563]
전문대학,강동대학교,본교,충북,"충청북도 음성군 감곡면 대학길 278 (단평리, 강동대학교) ",[127.647374692043 37.1435638628244]
전문대학,고구려대학교,본교,전남,"전라남도 나주시 다시면 백호로 125 (복암리, 고구려대학) ",[126.649142984141 35.0082467713121]
전문대학,전주기전대학,본교,전북,"전라북도 전주시 완산구 전주천서로 267 (중화산동1가, 전주기전대학) ",[127.135956892499 35.8178236166646]
전문대학,경북보건대학교,본교,경북,"경상북도 김천시 대학로 168 (삼락동, 경북보건대학교) ",[128.083765347332 36.1382094633366]
전문대학,김포대학교,본교,경기,"경기도 김포시 월곶면 김포대학로 97 (포내리, 김포대학교) ",[126.547291936211 37.729980260134]
전문대학,농협대학교,본교,경기,"경기도 고양시 덕양구 서삼릉길 281 (원당동, 농협대학) ",[126.873228715577 37.6595130984806]
전문대학,대경대학교,본교,경북,"경상북도 경산시 자인면 단북1길 65 (단북리, 대경대학) ",[128.821046976231 35.8344517618075]
전문대학,대구공업대학교,본교,대구,"대구광역시 달서구 송현로 205 (본동, 대구공업대학) ",[128.544328286436 35.8340818364179]
전문대학,대구보건대학교,본교,대구,"대구광역시 북구 영송로 15 (태전동, 대구보건대학) ",[128.544031065704 35.9267978807961]
전문대학,대구과학대학교,본교,대구,"대구광역시 북구 영송로 47 (태전동, 대구과학대학) ",[128.542798518056 35.9292290605209]
전문대학,대동대학교,본교,부산,"부산광역시 금정구 동부곡로27번길 88 (부곡동, 대동대학교) ",[129.095864701903 35.2291325119494]
전문대학,대림대학교,본교,경기,"경기도 안양시 동안구 임곡로 29 (비산동, 대림대학교) ",[126.930684164957 37.4032913499382]
전문대학,대원대학교,본교,충북,"충청북도 제천시 대학로 316 (신월동, 대원대학) ",[128.190528942068 37.1757962965305]
전문대학,동서울대학교,본교,경기,"경기도 성남시 수정구 복정로 76 (복정동, 동서울대학) ",[127.128844391431 37.4582854421752]
전문대학,대전보건대학교,본교,대전,"대전광역시 동구 충정로 21 (가양동, 대전보건대학) ",[127.455904248815 36.3505061602975]
전문대학,우송정보대학,본교,대전,대전광역시 동구 백룡로 59(자양동 101-17) 우송정보대학 ,[127.453585873556 36.3370292828942]
전문대학,대전과학기술대학교,본교,대전,"대전광역시 서구 혜천로 100 (복수동, 대전과학기술대학교) ",[127.375766717311 36.3017868630869]
전문대학,아주자동차대학교,본교,충남,충청남도 보령시 주포면 대학길 106 ,[126.579570776264 36.4035077720673]
전문대학,인천재능대학교,본교,인천,"인천광역시 동구 재능로 178 (송림동, 재능대학) ",[126.650473364336 37.4755331257648]
전문대학,경북과학대학교,본교,경북,"경상북도 칠곡군 기산면 지산로 634 (봉산리, 경북과학대학교) ",[128.345668966693 35.9831875152036]
전문대학,동남보건대학교,본교,경기,"경기도 수원시 장안구 천천로74번길 50 (정자동, 동남보건전문대학) ",[126.987000072709 37.2969384402553]
전문대학,동강대학교,본교,광주,"광주광역시 북구 동문대로 50 (풍향동, 동강대학) ",[126.92234609245 35.1694378564351]
전문대학,동아방송예술대학교,본교,경기,"경기도 안성시 삼죽면 동아예대길 47 (진촌리, 동아방송예술대학교) ",[127.353294629592 37.06236122856]
전문대학,동아보건대학교,본교,전남,"전라남도 영암군 학산면 영산로 76-57 (독천리, 동아보건대학교) ",[126.567432062503 34.7303557329681]
전문대학,동양미래대학교,본교,서울,"서울특별시 구로구 경인로 445 (고척동, 동양미래대학) ",[126.868169656727 37.4999957879198]
전문대학,동원대학교,본교,경기,"경기도 광주시 곤지암읍 경충대로 26 (신촌리, 동원대학) ",[127.401440535124 37.3280799949247]
전문대학,동의과학대학교,본교,부산,"부산광역시 부산진구 양지로 54 (양정동, 동의과학대학) ",[129.072226586557 35.1658498304458]
전문대학,부산보건대학교,본교,부산,"부산광역시 사하구 사리로55번길 16 (괴정동, 동주대학) ",[128.997230899793 35.1067235698512]
전문대학,두원공과대학교,본교,경기,"경기도 안성시 죽산면 관음당길 51 (장원리, 두원공과대학교) ",[127.424095980688 37.0649188449691]
전문대학,마산대학교,본교,경남,"경상남도 창원시 마산회원구 내서읍 함마대로 2640 (용담리, 마산대학) ",[128.503693849165 35.25987312943]
전문대학,명지전문대학,본교,서울,"서울특별시 서대문구 가좌로 134 (홍은동, 명지전문대학) ",[126.925647822893 37.5852831941405]
전문대학,목포과학대학교,본교,전남,"전라남도 목포시 영산로 413-1 (상동, 목포과학대학) ",[126.409814429126 34.8078795828145]
전문대학,문경대학교,본교,경북,경상북도 문경시 호계면 대학길 161 (별암리) ,[128.174177800689 36.6575623417924]
전문대학,배화여자대학교,본교,서울,"서울특별시 종로구 필운대로1길 34 (필운동, 배화여자대학) ",[126.967291871532 37.5795440101952]
전문대학,백제예술대학교,본교,전북,"전라북도 완주군 봉동읍 백제대학로 171 (제내리, 백제예술대학) ",[127.129994492501 35.9962557666166]
전문대학,부산경상대학교,본교,부산,"부산광역시 연제구 고분로 170 (연산동, 부산경상대학) ",[129.100958918645 35.1854293314716]
전문대학,부산여자대학교,본교,부산,"부산광역시 부산진구 진남로 506 (양정동, 부산여자대학) ",[129.072055187665 35.1692365236515]
전문대학,부산과학기술대학교,본교,부산,"부산광역시 북구 시랑로132번길 88 (구포동, 부산과학기술대학교) ",[129.005303108413 35.1941945073743]
전문대학,부천대학교,본교,경기,"경기도 부천시 원미구 신흥로56번길 25 (심곡동, 부천대학) ",[126.779299815943 37.4888727234976]
전문대학,삼육보건대학교,본교,서울,"서울특별시 동대문구 망우로 82 (휘경동, 삼육보건대학) 삼육보건대학교",[127.06355328121 37.5862119387672]
전문대학,상지영서대학교,본교,강원,"강원도 원주시 상지대길 84 (우산동, 상지영서대학교) ",[127.92997346655 37.3726612671501]
전문대학,서울예술대학교,본교,경기,"경기도 안산시 단원구 예술대학로 171 (고잔동, 서울예술대학) ",[126.836274799172 37.3334140856148]
전문대학,서일대학교,본교,서울,서울특별시 중랑구 용마산로90길 28 (면목동) ,[127.097203310115 37.5860827979004]
전문대학,성심외국어대학,본교,부산,"부산광역시 해운대구 반송순환로 142 (반송동, 영산대학교부산캠퍼스) ",[129.159064651628 35.2241543257141]
전문대학,수원여자대학교,본교,경기,"경기도 수원시 권선구 온정로 72 (오목천동, 수원여자대학) ",[126.963307279503 37.2527054444737]
전문대학,수원과학대학교,본교,경기,"경기도 화성시 정남면 세자로 288 (보통리, 수원과학대학) ",[126.983926534359 37.1920328913299]
전문대학,순천제일대학교,본교,전남,"전라남도 순천시 제일대학길 17 (덕월동, 순천제일대학) ",[127.485197496383 34.9337969603803]
전문대학,숭의여자대학교,본교,서울,"서울특별시 중구 소파로2길 10 (예장동, 숭의여자대학) ",[126.987481605528 37.5578530747432]
전문대학,신구대학교,본교,경기,"경기도 성남시 중원구 광명로 377 (금광동, 신구대학) ",[127.167696591792 37.4488513932536]
전문대학,신성대학교,본교,충남,"충청남도 당진시 정미면 대학로 1 (덕마리, 신성대학교) ",[126.593768678199 36.8537094815468]
전문대학,신안산대학교,본교,경기,"경기도 안산시 단원구 신안산대학로 135 (초지동, 신안산대학교) ",[126.805416476366 37.3090167886307]
전문대학,안산대학교,본교,경기,"경기도 안산시 상록구 안산대학로 155 (일동, 안산대학교) ",[126.877119505751 37.3081718314322]
전문대학,동원과학기술대학교,본교,경남,"경상남도 양산시 명곡로 321 (명곡동, 동원과학기술대학교) ",[129.066354228284 35.3440175336646]
전문대학,여주대학교,본교,경기,"경기도 여주시 세종로 338 (교동, 여주대학교) ",[127.636353103878 37.2710928927952]
전문대학,연암대학교,본교,충남,"충청남도 천안시 서북구 성환읍 연암로 313 (수향리, 천안연암대학) ",[127.155740286827 36.9469108865814]
전문대학,영남이공대학교,본교,대구,"대구광역시 남구 현충로 170 (대명동, 영남이공대학) ",[128.584172624123 35.8476757387958]
전문대학,강릉영동대학교,본교,강원,"강원도 강릉시 공제로 357 (홍제동, 강릉영동대학) ",[128.854957850299 37.7474175203344]
전문대학,세경대학교,본교,강원,"강원도 영월군 영월읍 하송로 197 (하송리, 세경대학) ",[128.454302846851 37.1728407202899]
전문대학,영진전문대학교,본교,대구,"대구광역시 북구 복현로 35 (복현동, 영진전문대학) ",[128.620618952611 35.8956447648046]
전문대학,용인예술과학대학교,본교,경기,"경기도 용인시 처인구 동부로 61 (마평동, 용인송담대학교) ",[127.218185205368 37.2292153299387]
전문대학,울산과학대학교,본교,울산,"울산광역시 동구 봉수로 101 (화정동, 울산과학대학동부캠퍼스) ",[129.416053037787 35.4947681325569]
전문대학,한국영상대학교,본교,세종,"세종특별자치시 장군면 대학길 300 (금암리, 한국영상대학) ",[127.209743812094 36.4624110935815]
전문대학,원광보건대학교,본교,전북,"전라북도 익산시 익산대로 514 (신용동, 원광보건대학) ",[126.956195653838 35.9727464624942]
전문대학,유한대학교,본교,경기,"경기도 부천시 소사구 경인로 590 (괴안동, 유한대학) ",[126.822366316948 37.4881299135532]
전문대학,인덕대학교,본교,서울,"서울특별시 노원구 초안산로 12 (월계동, 인덕대학) ",[127.054499915273 37.6303438661503]
전문대학,장안대학교,본교,경기,"경기도 화성시 봉담읍 삼천병마로 1182 (상리, 장안대학) ",[126.94448214476 37.2132873190596]
전문대학,전남과학대학교,본교,전남,전라남도 곡성군 옥과면 대학로 113 (옥과리) ,[127.132861213881 35.2773078171192]
전문대학,전주비전대학교,본교,전북,"전라북도 전주시 완산구 천잠로 235 (효자동2가, 전주비전대학) ",[127.09096633819 35.810876890747]
전문대학,전북과학대학교,본교,전북,"전라북도 정읍시 정읍사로 509 (시기동, 전북과학대학) ",[126.861357714493 35.5480413147124]
전문대학,제주관광대학교,본교,제주,"제주특별자치도 제주시 애월읍 평화로 2715 (광령리, 제주관광대학) ",[126.43430282708 33.4474802259546]
전문대학,조선이공대학교,본교,광주,광주광역시 동구 조선이공대길 11(서석동) 조선이공대학교 ,[126.931692188988 35.1398173087151]
전문대학,충북보건과학대학교,본교,충북,"충청북도 청주시 청원구 내수읍 덕암길 10 (덕암리, 충북보건과학대학교) ",[127.553357528953 36.7035003719896]
전문대학,진주보건대학교,본교,경남,"경상남도 진주시 의병로 51 (상봉동, 진주보건대학) ",[128.066658147257 35.1980582876131]
전문대학,창신대학,본교,경남,"경상남도 창원시 마산회원구 팔용로 262 (합성동, 창신대학) ",[128.599596124773 35.2446928950772]
전문대학,창원문성대학교,본교,경남,경상남도 창원시 성산구 충혼로 91(두대동) ,[128.66021178679 35.2330914527178]
전문대학,백석문화대학교,본교,충남,충청남도 천안시 동남구 백석대학로 1 (안서동) ,[127.182520646399 36.8388372068096]
전문대학,청강문화산업대학교,본교,경기,"경기도 이천시 마장면 청강가창로 389-94 (해월리, 청강문화산업대학) ",[127.356496217098 37.2064534859647]
전문대학,춘해보건대학교,본교,울산,"울산광역시 울주군 웅촌면 대학길 9 (곡천리, 춘해보건대학) ",[129.19593294388 35.4583328580015]
전문대학,대덕대학교,본교,대전,"대전광역시 유성구 가정북로 68 (장동, 대덕대학) ",[127.367453313639 36.3908487081906]
전문대학,충청대학교,본교,충북,"충청북도 청주시 흥덕구 강내면 월곡길 38 (월곡리, 충청대학) ",[127.369818661228 36.6187357263436]
전문대학,강원관광대학교,본교,강원,"강원도 태백시 대학길 97 (황지동, 강원관광대학) ",[128.973284810198 37.162184286251]
전문대학,국제대학교,본교,경기,"경기도 평택시 장안웃길 56 (장안동, 국제대학교) ",[127.080291104308 37.0655111093565]
전문대학,선린대학교,본교,경북,"경상북도 포항시 북구 흥해읍 초곡길36번길 30 (초곡리, 선린대학) ",[129.333155494213 36.0907836583212]
전문대학,한림성심대학교,본교,강원,"강원도 춘천시 동면 장학길 48 (장학리, 한림성심대학교) ",[127.757048177055 37.8980972274775]
전문대학,한양여자대학교,본교,서울,"서울특별시 성동구 살곶이길 200 (사근동, 한양여자대학) ",[127.049321897316 37.5579175887117]
전문대학,한영대학교,본교,전남,"전라남도 여수시 장군산길 18-43 (여서동, 한영대학) ",[127.714887532264 34.7537136734842]
전문대학,혜전대학교,본교,충남,충청남도 홍성군 홍성읍 대학1길 19 ,[126.659195767096 36.5797705008343]
전문대학,경기과학기술대학교,본교,경기,"경기도 시흥시 경기과기대로 269 (정왕동, 경기과학기술대학교) ",[126.736415177541 37.3387984225552]
전문대학,부산예술대학교,본교,부산,"부산광역시 남구 못골번영로71번길 74 (대연동, 부산예술대학) ",[129.083912636752 35.1418395189121]
전문대학,전남도립대학교,본교,전남,"전라남도 담양군 담양읍 죽녹원로 152 (향교리, 전남도립대학) ",[126.992594258267 35.3265254838797]
전문대학,송호대학교,본교,강원,"강원도 횡성군 횡성읍 남산로 210 (남산리, 송호대학교) ",[128.002233813685 37.4734881442281]
전문대학,한국관광대학교,본교,경기,"경기도 이천시 신둔면 이장로311번길 197-73 (고척리, 한국관광대학) ",[127.377924128039 37.283521473248]
전문대학,서정대학교,본교,경기,경기도 양주시 은현면 서정로 27 ,[127.037803548832 37.8564658189262]
전문대학,송곡대학교,본교,강원,"강원도 춘천시 남산면 송곡대학길 34 (창촌리, 송곡대학교) ",[127.649391831453 37.7920447564768]
전문대학,웅지세무대학교,본교,경기,"경기도 파주시 탄현면 웅지로144번길 73 (금승리, 웅지세무대학) ",[126.735704511037 37.8187547820815]
전문대학,김해대학교,본교,경남,"경상남도 김해시 삼안로112번길 198 (삼방동, 김해대학교) ",[128.913046985427 35.2541400566853]
전문대학,한국승강기대학교,본교,경남,"경상남도 거창군 거창읍 운정1길 120 (송정리, 한국승강기대학) ",[127.895963631512 35.6757097541289]
전문대학,영진사이버대학교,본교,대구,"대구광역시 북구 복현로 35 (복현동, 영진전문대학) ",[128.620618952611 35.8956447648046]
전문대학,한국복지사이버대학,본교,경북,경상북도 경산시 남천면 남천로 746-10 (협석리) ,[128.729308048602 35.784803171029]
전문대학,한국골프대학교,본교,강원,강원도 횡성군 우천면 하대5길 109 한국골프대학교,[128.076675629857 37.4671536900952]
전문대학,ICT폴리텍대학,본교,경기,경기도 광주시 순암로 16-26 (역동) ICT폴리텍대학,[127.248271161177 37.3973608087447]
전문대학,한국폴리텍 I 대학 서울정수캠퍼스,본교,서울,"서울특별시 용산구 보광로 73 (보광동, 한국폴리텍1대학서울정수캠퍼스) ",[126.996816950671 37.5299749717494]
전문대학,한국폴리텍 I 대학 서울강서캠퍼스,본교,서울,"서울특별시 강서구 우장산로10길 112 (화곡동, 한국폴리텍Ⅰ서울강서대학) ",[126.842445128444 37.5492424830708]
전문대학,한국폴리텍 I 대학 성남캠퍼스,본교,경기,"경기도 성남시 수정구 수정로 398 (산성동, 한국폴리텍I대학성남캠퍼스) ",[127.153991104911 37.4588779494343]
전문대학,한국폴리텍 II 대학 인천캠퍼스,본교,인천,"인천광역시 부평구 무네미로448번길 56 (구산동, 한국폴리텍Ⅱ대학) ",[126.754207314615 37.4791385371065]
전문대학,한국폴리텍 II 대학 남인천캠퍼스,본교,인천,"인천광역시 남구 염전로333번길 23 (주안동, 한국폴리텍Ⅱ대학(남인천캠퍼스)) ",[126.677333638326 37.4726480111082]
전문대학,한국폴리텍 III 대학 춘천캠퍼스,본교,강원,"강원도 춘천시 동산면 영서로 1290-31 (원창리, 한국폴리텍Ⅲ대학) ",[127.777433072095 37.79930445583]
전문대학,한국폴리텍 III 대학 강릉캠퍼스,본교,강원,"강원도 강릉시 남산초교길 121 (노암동, 한국폴리텍3대학) ",[128.890415680849 37.736828550276]
전문대학,한국폴리텍 IV 대학 대전캠퍼스,본교,대전,"대전광역시 동구 우암로 352-21 (가양동, 한국폴리텍IV대학) ",[127.453757371833 36.3510398955929]
전문대학,한국폴리텍 IV 대학 청주캠퍼스,본교,충북,"충청북도 청주시 흥덕구 산단로 54 (송정동, 한국폴리텍Ⅳ대학청주캠퍼스) ",[127.448378167421 36.6395868034277]
전문대학,한국폴리텍 IV 대학 아산캠퍼스,본교,충남,"충청남도 아산시 신창면 행목로 45 (행목리, 한국폴리텍Ⅳ대학아산캠퍼스) ",[126.948845432823 36.7720509090561]
전문대학,한국폴리텍 IV 대학 홍성캠퍼스,본교,충남,"충청남도 홍성군 홍성읍 충서로 1200 (남장리, 한국폴리텍IV대학홍성) ",[126.656165241889 36.5826195874657]
전문대학,한국폴리텍 V 대학 광주캠퍼스,본교,광주,"광주광역시 북구 하서로 85 (운암동, 한국폴리텍V대학) ",[126.878671829328 35.1829561363337]
전문대학,한국폴리텍 V 대학 전북캠퍼스,본교,전북,"전라북도 김제시 백학제길 154 (백학동, 한국폴리텍V대학) ",[126.939729826939 35.8096561524104]
전문대학,한국폴리텍 V 대학 전남캠퍼스,본교,전남,전라남도 무안군 청계면 영산로 1854-16 한국폴리텍V대학 전남캠퍼스,[126.428916985605 34.9235263890399]
전문대학,한국폴리텍 V 대학 익산캠퍼스,본교,전북,"전라북도 익산시 선화로 579 (어양동, 한국폴리텍V대학) ",[126.990586609717 35.9520018788086]
전문대학,한국폴리텍 VI 대학 대구캠퍼스,본교,대구,"대구광역시 서구 국채보상로43길 15 (평리동, 한국폴리텍6대학) ",[128.553015141821 35.8741438115873]
전문대학,한국폴리텍 VI 대학 구미캠퍼스,본교,경북,"경상북도 구미시 수출대로3길 84 (공단동, 한국폴리텍ⅵ대학구미캠퍼스) ",[128.373729596913 36.1192957180323]
전문대학,한국폴리텍 VII 대학 창원캠퍼스,본교,경남,"경상남도 창원시 성산구 외동반림로 51-88 (중앙동, 한국폴리텍VII대학) ",[128.669302406431 35.2257115695069]
전문대학,한국폴리텍 VII 대학 부산캠퍼스,본교,부산,"부산광역시 북구 만덕대로155번길 99 (덕천동, 한국폴리텍VII대학부산캠퍼스) ",[129.018980698165 35.2184773672252]
전문대학,한국폴리텍 VII 대학 울산캠퍼스,본교,울산,"울산광역시 중구 산전길 155 (동동, 한국폴리텍7대학울산캠퍼스) ",[129.348036827722 35.5785306875814]
전문대학,한국폴리텍 특성화대학 바이오캠퍼스,본교,충남,충청남도 논산시 강경읍 동안로112번길 48 ,[127.021558780083 36.1459959594605]
전문대학,한국폴리텍 VI 대학 영남융합기술캠퍼스,본교,대구,대구광역시 동구 팔공로 222(봉무동) ,[128.642014904481 35.9202430396438]
전문대학,한국폴리텍 특성화대학 반도체융합캠퍼스,본교,경기,경기도 안성시 공도읍 송원길 41-12 ,[127.176224540239 37.0085562720445]
전문대학,한국폴리텍 특성화대학 항공캠퍼스,본교,경남,"경상남도 사천시 대학길 46 (이금동, 한국폴리텍항공대학) ",[128.107986852618 34.947849518386]
대학원대학,한국개발연구원국제정책대학원대학교,본교,세종,"세종특별자치시 남세종로 263 (반곡동, 한국개발연구원) ",[127.3098073377 36.4811683725858]
대학원대학,대한신학대학원대학교,본교,경기,경기도 안양시 만안구 경수대로1406번길 30 (석수동) ,[126.905410219534 37.4322095868712]
대학원대학,베뢰아국제대학원대학교,본교,서울,"서울특별시 영등포구 가마산로 359 (대림동, 베뢰아대학원대학교) ",[126.898248758452 37.500916439781]
대학원대학,건신대학원대학교,본교,대전,대전광역시 중구 동서대로1327번길 40 (용두동) 건신대학원대학교,[127.405878490427 36.3309041228001]
대학원대학,성산효대학원대학교,본교,인천,"인천광역시 남동구 석정로 543 (간석동, 성산효대학원대학교) ",[126.696010406182 37.4663944484168]
대학원대학,원불교대학원대학교,본교,전북,"전라북도 익산시 익산대로33길 23 (신용동, 원불교대학원대학교) ",[126.951967028268 35.9753022862613]
대학원대학,웨스트민스터신학대학원대학교,본교,경기,"경기도 용인시 기흥구 동백죽전대로 201-11 (중동, 웨스트민스터신학대학교) ",[127.158071438969 37.2590035612818]
대학원대학,합동신학대학원대학교,본교,경기,"경기도 수원시 영통구 광교중앙로 50 (원천동, 합동신학대학원대학교) ",[127.053777782971 37.2801723995453]
대학원대학,횃불트리니티신학대학원대학교,본교,서울,"서울특별시 서초구 바우뫼로31길 70 (양재동, 횃불트리니티신학대학원대학교) ",[127.034774887034 37.4793861921564]
대학원대학,수도국제대학원대학교,본교,서울,서울특별시 관악구 남부순환로 1548(신림동) 수도국제대학원대학교,[126.922664128453 37.482993101302]
대학원대학,서울성경신학대학원대학교,본교,서울,"서울특별시 동작구 신대방14가길 45-1 (신대방동, 서울성경신학대학교) ",[126.913687364261 37.4903106371633]
대학원대학,예명대학원대학교,본교,서울,서울특별시 서초구 남부순환로337가길 49 (서초동) ,[127.023744729785 37.4842221155219]
대학원대학,서울사회복지대학원대학교,본교,서울,서울특별시 영등포구 영신로34길 18 (영등포동4가) ,[126.903143681464 37.519555574413]
대학원대학,온석대학원대학교,본교,경기,"경기도 용인시 처인구 남사면 아곡로96번길 79 (아곡리, 중앙신학대학원대학교) ",[127.163654573549 37.161790591652]
대학원대학,국제법률경영대학원대학교,본교,경기,"경기도 고양시 덕양구 내유길 230 (내유동, 국제법률경영대학원) ",[126.868077824322 37.7267720629754]
대학원대학,국제영어대학원대학교,본교,서울,서울특별시 강동구 양재대로81길 89 (성내동) ,[127.129485326316 37.5242251990346]
대학원대학,국제뇌교육종합대학원대학교,본교,충남,"충청남도 천안시 동남구 목천읍 교천지산길 284-31 (지산리, 국제뇌교육종합대학원대학교) ",[127.195571550213 36.7928080867271]
대학원대학,서울불교대학원대학교,본교,서울,"서울특별시 금천구 독산로70길 8 (독산동, 서울불교대학원대학교) ",[126.902325710646 37.4664180215116]
대학원대학,서울외국어대학원대학교,본교,서울,"서울특별시 서초구 남부순환로356길 85 (양재동, 서울외국어대학원대학교) ",[127.038956435153 37.481278538251]
대학원대학,서울벤처대학원대학교,본교,서울,"서울특별시 강남구 봉은사로 405 (삼성동, 서울벤처정보대학원대학교) ",[127.044368718885 37.5107740562309]
대학원대학,성서침례대학원대학교,본교,경기,"경기도 이천시 대월면 대평로 548-123 (장평리, 성서침례대학교) ",[127.52813079498 37.2088960667789]
대학원대학,에스라성경대학원대학교,본교,경기,"경기도 고양시 덕양구 대양로285번길 33-7 (고양동, 에스라성경대학원대학교) ",[126.894519094587 37.7032261739316]
대학원대학,개신대학원대학교,본교,서울,"서울특별시 강북구 도봉로 235 (미아동, 개신대학원대학교) ",[127.024506175514 37.6295549133101]
대학원대학,과학기술연합대학원대학교,본교,대전,"대전광역시 유성구 가정로 217 (가정동, UST) ",[127.367433510838 36.3849112321991]
대학원대학,서울과학종합대학원대학교,본교,서울,"서울특별시 서대문구 이화여대2길 46 (대현동, 서울아카데미빌딩) ",[126.948523684686 37.5573935500981]
대학원대학,선학유피대학원대학교,본교,경기,경기도 가평군 설악면 미사리로 324-211 선학유피대학원대학교,[127.540702580209 37.6884336387745]
대학원대학,경안대학원대학교,본교,경북,"경상북도 안동시 북후면 물한길 16-29 (물한리, 경안신학대학원대학교) ",[128.704480281587 36.6567958508003]
대학원대학,동방문화대학원대학교,본교,서울,"서울특별시 성북구 성북로28길 60 (성북동, 동방대학원대학교) ",[126.991487842715 37.596656643417]
대학원대학,북한대학원대학교,본교,서울,"서울특별시 종로구 북촌로15길 2 (삼청동, 북한대학교대학원) ",[126.983673775587 37.5858093171793]
대학원대학,순복음대학원대학교,본교,서울,"서울특별시 관악구 과천대로 927 (남현동, 대한하나님의성회) ",[126.981848198192 37.4734161306859]
대학원대학,실천신학대학원대학교,본교,경기,경기도 이천시 신둔면 인배로145번길 23 실천신학대학원대학교,[127.381952320045 37.3146641389515]
대학원대학,한림국제대학원대학교,본교,서울,"서울특별시 강남구 역삼로 405 (대치동, 한림국제대학원대학교제1관) ",[127.05142557188 37.5009760976318]
대학원대학,한반도국제대학원대학교,본교,서울,"서울특별시 용산구 임정로 17 (효창동, 한반도국제대학원대학교) ",[126.960139235986 37.5430772141445]
대학원대학,서울미디어대학원대학교,본교,서울,서울특별시 강서구 화곡로61길 99(등촌동) ,[126.846970785459 37.5582049766225]
대학원대학,서울상담심리대학원대학교,본교,서울,"서울특별시 종로구 율곡로 154 (원남동, 용문빌딩) ",[126.995919201128 37.5760847789287]
대학원대학,한국상담대학원대학교,본교,서울,"서울특별시 서초구 효령로 366 (서초동, 한국상담대학원대학교) ",[127.023975566719 37.4869165342607]
대학원대학,주안대학원대학교,본교,인천,"인천광역시 미추홀구 석바위로74번길 11 (주안동, 주안대학원대학교) ",[126.681467998134 37.4604792279034]
대학원대학,한국전력국제원자력대학원대학교,본교,울산,울산광역시 울주군 서생면 해맞이로 658-91 (신암리) ,[129.30880326391 35.3338787105223]
대학원대학,한국학대학원,본교,경기,"경기도 성남시 분당구 하오개로 323 (운중동, 한국학중앙연구원) ",[127.055265494451 37.3919352469301]
대학원,강릉원주대학교 대학원,본교,강원,"강원도 강릉시 죽헌길 7 (지변동, 강릉원주대학교) ",[128.870004836608 37.7656949331429]
대학원,강릉원주대학교 대학원,제2캠퍼스,강원,"강원도 원주시 흥업면 남원로 150 (흥업리, 강릉원주대학교원주캠퍼스) ",[127.922180834517 37.3051998482115]
대학원,강릉원주대학교 경영정책과학대학원,제2캠퍼스,강원,"강원도 원주시 흥업면 남원로 150 (흥업리, 강릉원주대학교원주캠퍼스) ",[127.922180834517 37.3051998482115]
대학원,강릉원주대학교 경영정책과학대학원,본교,강원,"강원도 강릉시 죽헌길 7 (지변동, 강릉원주대학교) ",[128.870004836608 37.7656949331429]
대학원,강릉원주대학교 교육대학원,제2캠퍼스,강원,"강원도 원주시 흥업면 남원로 150 (흥업리, 강릉원주대학교원주캠퍼스) ",[127.922180834517 37.3051998482115]
대학원,강릉원주대학교 교육대학원,본교,강원,"강원도 강릉시 죽헌길 7 (지변동, 강릉원주대학교) ",[128.870004836608 37.7656949331429]
대학원,강릉원주대학교 산업대학원,본교,강원,"강원도 강릉시 죽헌길 7 (지변동, 강릉원주대학교) ",[128.870004836608 37.7656949331429]
대학원,강릉원주대학교 산업대학원,제2캠퍼스,강원,"강원도 원주시 흥업면 남원로 150 (흥업리, 강릉원주대학교원주캠퍼스) ",[127.922180834517 37.3051998482115]
대학원,강원대학교 일반대학원,본교,강원,"강원도 춘천시 강원대학길 1 (효자동, 강원대학교) ",[127.748387408095 37.8680243076332]
대학원,강원대학교 경영대학원,본교,강원,"강원도 춘천시 강원대학길 1 (효자동, 강원대학교) ",[127.748387408095 37.8680243076332]
대학원,강원대학교 교육대학원,본교,강원,"강원도 춘천시 강원대학길 1 (효자동, 강원대학교) 교육4호관",[127.748387408095 37.8680243076332]
대학원,강원대학교 산업과학대학원,제2캠퍼스,강원,"강원도 삼척시 중앙로 346 (교동, 강원대학교삼척캠퍼스) ",[129.160054612759 37.4508028312358]
대학원,강원대학교 산업대학원,본교,강원,"강원도 춘천시 강원대학길 1 (효자동, 강원대학교) ",[127.748387408095 37.8680243076332]
대학원,강원대학교 법학전문대학원,본교,강원,"강원도 춘천시 강원대학길 1 (효자동, 강원대학교) ",[127.748387408095 37.8680243076332]
대학원,강원대학교 의학전문대학원,본교,강원,"강원도 춘천시 강원대학길 1 (효자동, 강원대학교) ",[127.748387408095 37.8680243076332]
